<?xml version="1.0" encoding="UTF-8"?>
<!DOCTYPE configuration PUBLIC "-//mybatis.org//DTD Config 3.0//EN" "http://mybatis.org/dtd/mybatis-3-config.dtd">

<configuration>
    <typeAliases>
    	<!-- 사용할 DTO 등록  -->
		<typeAlias type="poly.dto.NoticeDTO" alias="NoticeDTO"/>
		<typeAlias type="poly.dto.UserInfoDTO" alias="UserInfoDTO"/>
		<typeAlias type="poly.dto.MovieDTO" alias="MovieDTO"/>
		<typeAlias type="poly.dto.FoodDTO" alias="FoodDTO"/>
		<typeAlias type="poly.dto.OcrDTO" alias="OcrDTO"/>
		<typeAlias type="poly.dto.NlpDTO" alias="NlpDTO"/>
    </typeAliases>
</configuration>